Region,Country,Cross-border transfer regime:,Adequacy mechanism present?,Research transfers treated differently from commercial?
Latin America and Caribbean,Barbados,Conditionally permitted,No,No
Latin America and Caribbean,Belize,Conditionally permitted,No,No
Latin America and Caribbean,Costa Rica,Conditionally permitted,No,No
Latin America and Caribbean,Dominican Republic,Conditionally permitted,No,No
Latin America and Caribbean,Ecuador,Conditionally permitted,No,No
Latin America and Caribbean,El Salvador,Conditionally permitted,No,No
Latin America and Caribbean,Guyana,Conditionally permitted,No,No
Latin America and Caribbean,Jamaica,Conditionally permitted,No,No
Latin America and Caribbean,Nicaragua,Conditionally permitted,No,No
Latin America and Caribbean,Panama,Conditionally permitted,No,No
Latin America and Caribbean,Paraguay,Conditionally permitted,No,No
Latin America and Caribbean,Peru,Conditionally permitted,No,No
Latin America and Caribbean,Saint Lucia,Conditionally permitted,No,No
Latin America and Caribbean,Chile,Conditionally permitted,No,Yes
Africa,Algeria,Conditionally permitted,Partial / functional equivalence,Yes
Africa,Angola,Conditionally permitted,Partial / functional equivalence,Yes
Africa,Benin,Conditionally permitted,Partial / functional equivalence,Yes
Africa,Botswana,Conditionally permitted,Partial / functional equivalence,Yes
Africa,Burkina Faso,Conditionally permitted,Partial / functional equivalence,Yes
Africa,Cabo Verde,Conditionally permitted,Partial / functional equivalence,Yes
Africa,Cameroon,Conditionally permitted,Partial / functional equivalence,Yes
Africa,Comoros,Conditionally permitted,Partial / functional equivalence,Yes
Africa,Republic of the Congo,Conditionally permitted,Partial / functional equivalence,Yes
Africa,Cote d'Ivoire,Conditionally permitted,Partial / functional equivalence,Yes
Africa,Democratic Republic of the Congo,Conditionally permitted,Partial / functional equivalence,Yes
Africa,Djibouti,Conditionally permitted,Partial / functional equivalence,Yes
Africa,Egypt,Conditionally permitted,Partial / functional equivalence,Yes
Africa,Eswatini,Conditionally permitted,Partial / functional equivalence,Yes
Africa,Ethiopia,Conditionally permitted,Partial / functional equivalence,Yes
Africa,Gabon,Conditionally permitted,Partial / functional equivalence,Yes
Africa,Ghana,Conditionally permitted,Partial / functional equivalence,Yes
Africa,Guinea,Conditionally permitted,Partial / functional equivalence,Yes
Africa,Kenya,Conditionally permitted,Partial / functional equivalence,Yes
Africa,Lesotho,Conditionally permitted,Partial / functional equivalence,Yes
Africa,Liberia,Conditionally permitted,Partial / functional equivalence,Yes
Africa,Madagaskar,Conditionally permitted,Partial / functional equivalence,Yes
Africa,Malawi,Conditionally permitted,Partial / functional equivalence,Yes
Africa,Mauritania,Conditionally permitted,Partial / functional equivalence,Yes
Africa,Mauritius,Conditionally permitted,Partial / functional equivalence,Yes
Africa,Morocco,Conditionally permitted,Partial / functional equivalence,Yes
Africa,Mozambique,Conditionally permitted,Partial / functional equivalence,Yes
Africa,Namibia,Conditionally permitted,Partial / functional equivalence,Yes
Africa,Nigeria,Conditionally permitted,Partial / functional equivalence,Yes
Africa,Rwanda,Conditionally permitted,Partial / functional equivalence,Yes
Africa,Sao Tome and Principe,Conditionally permitted,Partial / functional equivalence,Yes
Africa,Senegal,Conditionally permitted,Partial / functional equivalence,Yes
Africa,Seychelles,Conditionally permitted,Partial / functional equivalence,Yes
Africa,Sierra Leone,Conditionally permitted,Partial / functional equivalence,Yes
Africa,South Africa,Conditionally permitted,Partial / functional equivalence,Yes
Africa,Tanzania,Conditionally permitted,Partial / functional equivalence,Yes
Africa,The Gambia,Conditionally permitted,Partial / functional equivalence,Yes
Africa,Togo,Conditionally permitted,Partial / functional equivalence,Yes
Africa,Tunisia,Conditionally permitted,Partial / functional equivalence,Yes
Africa,Uganda,Conditionally permitted,Partial / functional equivalence,Yes
Africa,Zambia,Conditionally permitted,Partial / functional equivalence,Yes
Africa,Zimbabwe,Conditionally permitted,Partial / functional equivalence,Yes
Latin America and Caribbean,Brazil,Conditionally permitted,Partial / functional equivalence,Yes
Latin America and Caribbean,Colombia,Conditionally permitted,Partial / functional equivalence,Yes
Europe,Germany,Conditionally permitted,Yes (formal adequacy),Yes
Europe,France,Conditionally permitted,Yes (formal adequacy),Yes
Europe,Italy,Conditionally permitted,Yes (formal adequacy),Yes
Europe,Spain,Conditionally permitted,Yes (formal adequacy),Yes
Europe,Netherlands,Conditionally permitted,Yes (formal adequacy),Yes
Europe,Belgium,Conditionally permitted,Yes (formal adequacy),Yes
Europe,Sweden,Conditionally permitted,Yes (formal adequacy),Yes
Europe,Austria,Conditionally permitted,Yes (formal adequacy),Yes
Europe,Finland,Conditionally permitted,Yes (formal adequacy),Yes
Europe,Ireland,Conditionally permitted,Yes (formal adequacy),Yes
Europe,Denmark,Conditionally permitted,Yes (formal adequacy),Yes
Europe,Luxembourg,Conditionally permitted,Yes (formal adequacy),Yes
Europe,Czechia,Conditionally permitted,Yes (formal adequacy),Yes
Europe,Portugal,Conditionally permitted,Yes (formal adequacy),Yes
Europe,Lithuania,Conditionally permitted,Yes (formal adequacy),Yes
Europe,Estonia,Conditionally permitted,Yes (formal adequacy),Yes
Europe,Poland,Conditionally permitted,Yes (formal adequacy),Yes
Europe,Greece,Conditionally permitted,Yes (formal adequacy),Yes
Europe,Hungary ,Conditionally permitted,Yes (formal adequacy),Yes
Europe,Slovakia,Conditionally permitted,Yes (formal adequacy),Yes
Europe,Slovenia,Conditionally permitted,Yes (formal adequacy),Yes
Europe,Romania,Conditionally permitted,Yes (formal adequacy),Yes
Europe,Switzerland,Conditionally permitted,Yes (formal adequacy),Yes
Europe,United Kingdom,Conditionally permitted,Yes (formal adequacy),Yes
Latin America and Caribbean,Argentina,Conditionally permitted,Yes (formal adequacy),Yes
Latin America and Caribbean,Mexico,Conditionally permitted,Yes (formal adequacy),Yes
Latin America and Caribbean,Uruguay,Conditionally permitted,Yes (formal adequacy),Yes
Latin America and Caribbean,Bolivia,Largely unrestricted,No,No
Latin America and Caribbean,Dominica,Largely unrestricted,No,No
Latin America and Caribbean,Grenada,Largely unrestricted,No,No
Latin America and Caribbean,Guatemala,Largely unrestricted,No,No
Latin America and Caribbean,Honduras,Largely unrestricted,No,No
Latin America and Caribbean,Trinidad and Tobago,Largely unrestricted,No,No
Africa,Libya,Largely unrestricted,No,No
Latin America and Caribbean,Cuba,Prohibited by default,No,No